{"name":"PredictDiabetes","identifier":"1NYHSWFZNB","description":null,"parentIntentSignature":null,"sampleUtterances":[{"utterance":"Hi."},{"utterance":"Hello."},{"utterance":"Howdy."},{"utterance":"I am a {age} year old {gender} . Do I have diabetes?"},{"utterance":"As a {age} year-old {gender} with a B.M.I. of {bmi} , do I probably have diabetes?"},{"utterance":"hi"},{"utterance":"do i have diabetes"},{"utterance":"am I a diabetic"},{"utterance":"do you think I have diabetes"}],"intentConfirmationSetting":null,"intentClosingSetting":null,"initialResponseSetting":{"conditional":null,"codeHook":null,"nextStep":{"sessionAttributes":{},"dialogAction":{"type":"ElicitSlot","slotToElicit":"age","suppressNextMessage":null},"intent":{"name":null,"slots":{}}},"initialResponse":null},"inputContexts":null,"outputContexts":null,"kendraConfiguration":null,"qnAIntentConfiguration":null,"dialogCodeHook":null,"fulfillmentCodeHook":{"isActive":true,"postFulfillmentStatusSpecification":{"failureResponse":null,"failureNextStep":{"sessionAttributes":{},"dialogAction":{"type":"EndConversation","slotToElicit":null,"suppressNextMessage":null},"intent":{"name":null,"slots":{}}},"successResponse":null,"successNextStep":{"sessionAttributes":{},"dialogAction":{"type":"EndConversation","slotToElicit":null,"suppressNextMessage":null},"intent":{"name":null,"slots":{}}},"timeoutResponse":null,"timeoutNextStep":{"sessionAttributes":{},"dialogAction":{"type":"EndConversation","slotToElicit":null,"suppressNextMessage":null},"intent":{"name":null,"slots":{}}}},"fulfillmentUpdatesSpecification":null,"enabled":true},"slotPriorities":[{"priority":5,"slotName":"heart_disease"},{"priority":3,"slotName":"gender"},{"priority":1,"slotName":"current_smoker"},{"priority":6,"slotName":"bmi"},{"priority":2,"slotName":"former_smoker"},{"priority":4,"slotName":"hypertension"},{"priority":0,"slotName":"age"}]}